{"cameraMode":{"drawMode":0,"name":"Shaded","section":"Shading Mode"},"sceneLighting":true,"audioPlay":false,"sceneViewState":{"showFog":true,"showMaterialUpdate":false,"showSkybox":true,"showFlares":true,"showImageEffects":true,"showParticleSystems":true},"in2DMode":false,"pivot":{"x":5.0744218826293949,"y":-13.432149887084961,"z":3.6265323162078859},"rotation":{"x":-0.5131214261054993,"y":0.486707478761673,"z":-0.5100106000900269,"w":-0.48960334062576296},"size":8.034036636352539,"orthographic":false}